"date","close","volume","open","high","low"
"11:59","1,498.25","2,759,782","1,485.10","1,505","1,478.50"
"2018/04/25","1460.1700","6365989.0000","1458.0000","1469.9900","1415.0200"
"2018/04/24","1460.0900","7470059.0000","1535.8000","1539.5000","1448.4475"
"2018/04/23","1517.8600","4447801.0000","1546.6947","1548.0000","1503.4103"
"2018/04/20","1527.4900","5520642.0000","1561.1999","1561.1999","1516.0930"
"2018/04/19","1556.9100","6483967.0000","1543.2200","1568.5200","1539.0600"
"2018/04/18","1527.8400","5091677.0000","1514.6500","1533.8000","1504.1100"
"2018/04/17","1503.8300","5008532.0000","1462.2950","1507.1900","1457.0219"
"2018/04/16","1441.5000","2773836.0000","1445.0000","1447.0000","1427.4800"
"2018/04/13","1430.7900","3637586.0000","1449.1360","1459.7808","1424.5200"
"2018/04/12","1448.5000","3116939.0000","1439.5000","1452.1200","1435.0600"
"2018/04/11","1427.0500","3544449.0000","1439.4400","1448.7758","1424.8900"
"2018/04/10","1436.2200","4258358.0000","1431.9900","1438.3800","1415.7000"
"2018/04/09","1406.0800","4193564.0000","1425.0300","1438.4800","1402.5710"
"2018/04/06","1405.2300","5838758.0000","1429.9700","1452.5020","1400.2600"
"2018/04/05","1451.7500","6305513.0000","1441.9900","1459.5575","1427.0700"
"2018/04/04","1410.5700","6942485.0000","1358.2400","1415.3900","1352.8800"
"2018/04/03","1392.0500","10212940.0000","1391.3800","1414.0000","1355.3300"
"2018/04/02","1371.9900","10432560.0000","1417.6200","1421.3580","1355.0000"
"2018/03/29","1447.3400","12570020.0000","1406.0000","1455.4700","1365.2000"
"2018/03/28","1431.4200","13680370.0000","1447.0000","1455.9000","1386.1700"
"2018/03/27","1497.0500","6887274.0000","1572.4000","1575.9650","1482.3200"
"2018/03/26","1555.8600","5592200.0000","1530.0000","1556.9900","1499.2500"
"2018/03/23","1495.5600","7977655.0000","1539.0100","1549.0200","1495.3600"
"2018/03/22","1544.9200","6213379.0000","1565.4700","1573.8500","1542.4000"
"2018/03/21","1581.8600","4740884.0000","1586.4500","1590.0000","1563.1700"
"2018/03/20","1586.5100","4554675.0000","1550.3400","1587.0000","1545.4100"
"2018/03/19","1544.9300","6406413.0000","1554.5300","1561.6600","1525.3500"
"2018/03/16","1571.6800","5291848.0000","1583.4500","1589.4400","1567.5000"
"2018/03/15","1582.3200","4057694.0000","1595.0000","1596.9100","1578.1100"
"2018/03/14","1591.0000","4236655.0000","1597.0000","1606.4440","1590.8900"
"2018/03/13","1588.1800","6514336.0000","1615.9600","1617.5400","1578.0100"
"2018/03/12","1598.3900","5146149.0000","1592.6000","1605.3300","1586.7000"
"2018/03/09","1578.8900","4508650.0000","1563.5000","1578.9400","1559.0800"
"2018/03/08","1551.8600","3882904.0000","1550.0000","1554.8800","1545.2500"
"2018/03/07","1545.0000","4164829.0000","1526.5200","1545.9000","1522.5100"
"2018/03/06","1537.6400","4433105.0000","1533.2000","1542.1300","1528.0000"
"2018/03/05","1523.6100","5192119.0000","1494.2400","1525.3800","1481.0000"
"2018/03/02","1500.2500","6573973.0000","1469.1000","1501.0500","1455.0101"
"2018/03/01","1493.4500","6820462.0000","1513.6000","1518.4900","1465.0000"
"2018/02/28","1512.4500","4498688.0000","1519.5100","1528.7000","1512.0000"
"2018/02/27","1511.9800","4791167.0000","1524.5000","1526.7800","1507.2100"
"2018/02/26","1521.9500","4944679.0000","1509.2000","1522.8400","1507.0000"
"2018/02/23","1500.0000","4395443.0000","1495.3400","1500.0000","1486.5000"
"2018/02/22","1485.3400","4806267.0000","1495.3600","1502.5400","1475.7600"
"2018/02/21","1482.9200","6270085.0000","1485.0000","1503.4900","1478.9200"
"2018/02/20","1468.3500","6473520.0000","1446.4900","1488.7700","1446.4900"
"2018/02/16","1448.6900","4464048.0000","1457.3700","1465.8000","1446.5600"
"2018/02/15","1461.7600","5634873.0000","1466.8900","1468.9400","1436.8367"
"2018/02/14","1451.0500","5940392.0000","1406.2500","1452.0600","1403.3600"
"2018/02/13","1414.5100","5880823.0000","1385.9300","1419.7200","1383.5300"
"2018/02/12","1386.2300","6718037.0000","1364.6700","1393.8100","1344.0100"
"2018/02/09","1339.6000","14128670.0000","1373.4900","1383.5000","1265.9300"
"2018/02/08","1350.5000","8496355.0000","1429.6750","1433.7522","1349.9400"
"2018/02/07","1416.7800","7126128.0000","1449.0000","1460.9900","1415.1500"
"2018/02/06","1442.8400","10937550.0000","1361.4600","1443.9900","1351.7900"
"2018/02/05","1390.0000","11422520.0000","1402.6200","1458.9800","1320.7200"
"2018/02/02","1429.9500","11014340.0000","1477.3900","1498.0000","1414.0000"
"2018/02/01","1390.0000","8985040.0000","1445.0000","1459.8799","1385.1419"
"2018/01/31","1450.8900","6386185.0000","1451.3000","1472.5800","1450.0400"
"2018/01/30","1437.8200","5802415.0000","1403.1700","1439.2500","1392.0000"
"2018/01/29","1417.6800","5690168.0000","1409.1800","1431.3900","1400.4400"
"2018/01/26","1402.0500","4825682.0000","1392.0100","1402.5300","1380.9100"
"2018/01/25","1377.9500","4741473.0000","1368.0000","1378.3400","1357.6200"
"2018/01/24","1357.5100","6781297.0000","1374.8200","1388.1600","1338.0000"
"2018/01/23","1362.5400","5130673.0000","1338.0900","1364.9000","1337.3400"
"2018/01/22","1327.3100","4126235.0000","1297.1700","1327.4500","1296.6636"
"2018/01/19","1294.5800","4455108.0000","1312.0000","1313.0000","1292.9900"
"2018/01/18","1293.3200","4021640.0000","1293.9500","1304.6000","1284.0200"
"2018/01/17","1295.0000","5240634.0000","1312.2400","1314.0000","1280.8800"
"2018/01/16","1304.8600","7155026.0000","1323.0000","1339.9400","1292.3000"
"2018/01/12","1305.2000","5434547.0000","1273.3925","1305.7600","1273.3925"
"2018/01/11","1276.6800","3104031.0000","1259.7400","1276.7700","1256.4600"
"2018/01/10","1254.3300","2679832.0000","1245.1500","1254.3300","1237.2300"
"2018/01/09","1252.7000","3657243.0000","1256.9000","1259.3300","1241.7600"
"2018/01/08","1246.8700","4270121.0000","1236.0000","1253.0790","1232.0300"
"2018/01/05","1229.1400","3536299.0000","1217.5100","1229.1400","1210.0000"
"2018/01/04","1209.5900","3015997.0000","1205.0000","1215.8699","1204.6600"
"2018/01/03","1204.2000","3094175.0000","1188.3000","1205.4900","1188.3000"
"2018/01/02","1189.0100","2673958.0000","1172.0000","1190.0000","1170.5100"
"2017/12/29","1169.4700","2678122.0000","1182.3500","1184.0000","1167.5000"
"2017/12/28","1186.1000","1838549.0000","1189.0000","1190.1000","1184.3800"
"2017/12/27","1182.2600","1866171.0000","1179.9100","1187.2900","1175.6100"
"2017/12/26","1176.7600","1988906.0000","1168.3600","1178.3200","1160.5500"
"2017/12/22","1168.3600","1575845.0000","1172.0800","1174.6199","1167.8301"
"2017/12/21","1174.7600","2055103.0000","1175.9000","1179.1700","1167.6400"
"2017/12/20","1177.6200","2364984.0000","1190.5000","1191.0000","1176.0000"
"2017/12/19","1187.3800","2574578.0000","1189.1500","1192.9700","1179.1401"
"2017/12/18","1190.5800","2943252.0000","1187.3700","1194.7800","1180.9100"
"2017/12/15","1179.1400","4775009.0000","1179.0300","1182.7500","1169.3300"
"2017/12/14","1174.2600","3120265.0000","1163.7100","1177.9300","1162.4500"
"2017/12/13","1164.1300","2588740.0000","1170.0000","1170.8700","1160.2700"
"2017/12/12","1165.0800","2208812.0000","1166.5100","1173.6000","1161.6100"
"2017/12/11","1168.9200","2360068.0000","1164.6000","1169.9000","1157.0000"
"2017/12/08","1162.0000","2979278.0000","1170.4000","1172.7900","1157.1000"
"2017/12/07","1159.7900","2508813.0000","1156.5900","1163.1900","1151.0000"
"2017/12/06","1152.3500","2777524.0000","1137.9900","1155.8900","1136.0800"
"2017/12/05","1141.5700","4074846.0000","1128.2600","1159.2700","1124.7400"
"2017/12/04","1133.9500","5926970.0000","1173.8500","1175.2000","1128.0000"
"2017/12/01","1162.3500","4101175.0000","1172.0500","1179.6500","1152.0000"
"2017/11/30","1176.7500","4472454.0000","1167.1000","1178.5701","1160.0000"
"2017/11/29","1161.2700","9242181.0000","1194.8000","1194.8000","1145.1900"
"2017/11/28","1193.6000","4548064.0000","1204.8800","1205.3400","1188.5210"
"2017/11/27","1195.8300","6718385.0000","1202.6600","1213.4100","1191.1500"
"2017/11/24","1186.0000","3528011.0000","1160.7000","1186.8400","1160.7000"
"2017/11/22","1156.1600","3549453.0000","1141.0000","1160.2700","1141.0000"
"2017/11/21","1139.4900","2461416.0000","1132.8600","1140.0000","1128.2000"
"2017/11/20","1126.3100","2146183.0000","1129.7700","1133.4200","1122.5500"
"2017/11/17","1129.8800","2360174.0000","1138.2800","1138.8000","1125.8101"
"2017/11/16","1137.2900","2210454.0000","1130.1600","1138.1600","1130.0500"
"2017/11/15","1126.6900","3917182.0000","1127.0100","1131.7500","1121.6300"
"2017/11/14","1136.8400","3136307.0000","1130.1100","1138.0000","1123.8900"
"2017/11/13","1129.1700","2913376.0000","1123.0000","1139.9000","1122.3400"
"2017/11/10","1125.3500","2178670.0000","1126.1000","1131.7500","1124.0600"
"2017/11/09","1129.1300","3729458.0000","1125.9600","1129.6209","1115.7700"
"2017/11/08","1132.8800","2575956.0000","1122.8200","1135.5400","1119.1100"
"2017/11/07","1123.1700","2684125.0000","1124.7400","1130.6000","1117.5000"
"2017/11/06","1120.6600","3331032.0000","1109.1500","1125.4100","1108.7700"
"2017/11/03","1111.6000","3739141.0000","1091.1500","1112.6800","1088.5200"
"2017/11/02","1094.2200","3683447.0000","1097.8100","1101.9350","1086.8691"
"2017/11/01","1103.6800","3743189.0000","1105.4000","1108.9700","1096.7400"
"2017/10/31","1105.2800","3474886.0000","1109.0000","1110.5400","1101.1201"
"2017/10/30","1110.8500","6608244.0000","1095.0100","1122.7900","1093.5600"
"2017/10/27","1100.9500","16547950.0000","1058.1400","1105.5800","1050.5500"
"2017/10/26","972.4300","5392856.0000","980.3300","982.9000","968.5500"
"2017/10/25","972.9100","3029395.0000","978.0000","984.4400","966.2400"
"2017/10/24","975.9000","2713262.0000","969.0000","979.8500","965.0000"
"2017/10/23","966.3000","3482123.0000","986.7300","986.7750","962.5000"
"2017/10/20","982.9100","2343556.0000","993.5300","994.6200","982.0000"
"2017/10/19","986.6100","3084459.0000","990.0000","991.0500","980.2400"
"2017/10/18","997.0000","2496848.0000","1009.2700","1022.3100","996.5500"
"2017/10/17","1009.1300","2318762.0000","1005.5900","1011.4699","1004.3800"
"2017/10/16","1006.3400","2004816.0000","1008.4400","1009.5717","1001.0400"
"2017/10/13","1002.9400","2429175.0000","1007.0000","1007.7700","1001.0300"
"2017/10/12","1000.9300","4083076.0000","996.8100","1008.4400","992.4000"
"2017/10/11","995.0000","2335062.0000","991.2700","995.5000","986.6950"
"2017/10/10","987.2000","3082929.0000","996.6700","997.9500","980.0990"
"2017/10/09","990.9900","2936073.0000","993.2400","998.5000","987.5000"
"2017/10/06","989.5800","3747408.0000","975.6400","995.7500","975.6400"
"2017/10/05","980.8500","3220080.0000","970.0000","981.5100","969.6400"
"2017/10/04","965.4500","2518509.0000","954.2100","967.7900","954.0500"
"2017/10/03","957.1000","2664290.0000","958.0000","963.6900","950.3700"
"2017/10/02","959.1900","2425585.0000","964.0000","967.3050","952.1201"
"2017/09/29","961.3500","2509194.0000","960.1100","964.8300","958.3750"
"2017/09/28","956.4000","2521285.0000","951.8600","959.7000","950.1010"
"2017/09/27","950.8700","3145310.0000","948.0000","955.3000","943.3000"
"2017/09/26","938.6000","3504345.0000","945.4900","948.6300","931.7500"
"2017/09/25","939.7900","5115097.0000","949.3100","949.4200","932.8900"
"2017/09/22","955.1000","2629433.0000","961.0100","965.6100","954.4200"
"2017/09/21","964.6500","2276374.0000","971.3100","971.7000","962.0200"
"2017/09/20","973.2100","2752256.0000","971.7900","974.8100","962.1626"
"2017/09/19","969.8600","2629721.0000","977.2500","978.2400","967.4600"
"2017/09/18","974.1900","3400701.0000","990.4000","992.7922","968.1700"
"2017/09/15","986.7900","3749512.0000","993.0100","996.2500","984.0300"
"2017/09/14","992.2100","3899558.0000","996.8000","998.5600","987.7400"
"2017/09/13","999.6000","3360247.0000","983.9700","1000.0000","979.4200"
"2017/09/12","982.5800","2475557.0000","983.2700","984.6718","975.5170"
"2017/09/11","977.9600","2171998.0000","974.4600","981.9400","974.2200"
"2017/09/08","965.9000","2589038.0000","979.1000","979.8800","963.4700"
"2017/09/07","979.4700","2562517.0000","974.0000","980.5900","972.5500"
"2017/09/06","967.8000","2125371.0000","968.3200","971.8400","960.6000"
"2017/09/05","965.2700","2996501.0000","975.4000","976.7699","960.3700"
"2017/09/01","978.2500","2533779.0000","984.2000","984.5000","976.8750"
"2017/08/31","980.6000","3314687.0000","974.7000","981.0000","972.7600"
"2017/08/30","967.5900","2897969.0000","958.4400","969.4100","956.9062"
"2017/08/29","954.0600","2871568.0000","940.0000","956.0000","936.3300"
"2017/08/28","946.0200","2576456.0000","946.5400","953.0000","942.2500"
"2017/08/25","945.2600","3316602.0000","956.0000","957.6210","944.1000"
"2017/08/24","952.4500","5186993.0000","957.4200","959.0000","941.1400"
"2017/08/23","958.0000","2642936.0000","959.3800","962.0000","954.2000"
"2017/08/22","966.9000","2745796.0000","955.5200","967.9300","955.4950"
"2017/08/21","953.2900","3156891.0000","957.5700","961.2000","945.4600"
"2017/08/18","958.4700","3275276.0000","961.4000","965.4300","954.6500"
"2017/08/17","960.5700","3456073.0000","977.8400","977.8400","960.3200"
"2017/08/16","978.1800","3125408.0000","981.6500","986.4605","973.2200"
"2017/08/15","982.7400","2544452.0000","988.9000","991.7400","982.0000"
"2017/08/14","983.3000","3168461.0000","978.4100","985.5000","976.1900"
"2017/08/11","967.9900","3464615.0000","960.0000","970.3900","951.3800"
"2017/08/10","956.9200","5600182.0000","976.2950","979.8600","954.6800"
"2017/08/09","982.0100","3568120.0000","982.6000","988.0000","975.2700"
"2017/08/08","989.8400","2886062.0000","994.3500","996.2800","985.7900"
"2017/08/07","992.2700","2670187.0000","990.6500","995.0000","987.1400"
"2017/08/04","987.5800","2726739.0000","989.6800","991.6720","982.0000"
"2017/08/03","986.9200","3252699.0000","999.4700","999.5000","984.5900"
"2017/08/02","995.8900","4061270.0000","1001.7700","1003.2100","981.7300"
"2017/08/01","996.1900","4527979.0000","996.1100","1006.4000","991.5800"
"2017/07/31","987.7800","7326177.0000","1019.0500","1019.0500","987.0200"
"2017/07/28","1020.0400","7674669.0000","1012.1400","1032.8500","1001.0000"
"2017/07/27","1046.0000","10830380.0000","1069.5500","1083.3100","1040.1800"
"2017/07/26","1052.8000","2881423.0000","1043.2000","1053.2000","1043.2000"
"2017/07/25","1039.8700","2444862.0000","1038.0500","1043.3346","1032.4800"
"2017/07/24","1038.9500","3277624.0000","1028.3400","1043.0100","1027.4279"
"2017/07/21","1025.6700","2726844.0000","1021.2800","1026.1000","1011.0000"
"2017/07/20","1028.7000","3074300.0000","1031.5900","1034.9700","1022.5150"
"2017/07/19","1026.8700","2955263.0000","1025.0000","1031.5900","1022.5000"
"2017/07/18","1024.4500","4002293.0000","1006.0000","1026.0300","1004.0000"
"2017/07/17","1010.0400","3685206.0000","1004.6900","1014.7500","1003.8100"
"2017/07/14","1001.8100","2100941.0000","1002.4000","1004.4500","996.8900"
"2017/07/13","1000.6300","2877854.0000","1004.6200","1006.8800","995.9000"
"2017/07/12","1006.5100","3605227.0000","1000.6500","1008.5500","998.1000"
"2017/07/11","994.1300","2978422.0000","993.0000","995.9900","983.7200"
"2017/07/10","996.4700","3515968.0000","985.0000","999.4392","983.5000"
"2017/07/07","978.7600","2589778.0000","969.5500","980.1100","969.1400"
"2017/07/06","965.1400","3257432.0000","964.6600","974.4000","959.0200"
"2017/07/05","971.4000","3648765.0000","961.5300","975.0000","955.2500"
"2017/07/03","953.6600","2909108.0000","972.7900","974.4900","951.0001"
"2017/06/30","968.0000","3383436.0000","980.1200","983.4700","967.6100"
"2017/06/29","975.9300","4295828.0000","979.0000","987.5600","965.2500"
"2017/06/28","990.3300","3721937.0000","978.5500","990.6800","969.2100"
"2017/06/27","976.7800","3759865.0000","990.6900","998.8000","976.0000"
"2017/06/26","993.9800","3382126.0000","1008.5000","1009.8000","992.0000"
"2017/06/23","1003.7400","2876508.0000","1002.5400","1004.6200","998.0200"
"2017/06/22","1001.3000","2249784.0000","1002.2300","1006.9599","997.2000"
"2017/06/21","1002.2300","2916743.0000","998.7000","1002.7200","992.6518"
"2017/06/20","992.5900","4069195.0000","998.0000","1004.8800","992.0200"
"2017/06/19","995.1700","5019791.0000","1017.0000","1017.0000","989.9000"
"2017/06/16","987.7100","11439080.0000","996.0000","999.7500","982.0000"
"2017/06/15","964.1700","5230302.0000","958.7000","965.7300","950.8600"
"2017/06/14","976.4700","3965444.0000","988.5900","990.3400","966.7100"
"2017/06/13","980.7900","4569183.0000","977.9900","984.5000","966.1000"
"2017/06/12","964.9100","9437061.0000","967.0000","975.9500","945.0000"
"2017/06/09","978.3100","7634038.0000","1012.5000","1012.9900","927.0000"
"2017/06/08","1010.2700","2756796.0000","1012.0600","1013.6100","1006.1100"
"2017/06/07","1010.0700","2818880.0000","1005.9500","1010.2490","1002.0000"
"2017/06/06","1003.0000","3341855.0000","1012.0000","1016.5000","1001.2500"
"2017/06/05","1011.3400","2717283.0000","1007.2300","1013.2100","1003.5100"
"2017/06/02","1006.7300","3749489.0000","998.9900","1008.4800","995.6700"
"2017/06/01","995.9500","2451407.0000","998.5900","998.9900","991.3700"
"2017/05/31","994.6200","3913721.0000","1000.0000","1000.1200","982.1600"
"2017/05/30","996.7000","3256230.0000","996.5100","1001.2000","995.5200"
"2017/05/26","995.7800","3462132.0000","995.0000","998.6500","989.2491"
"2017/05/25","993.3800","4817312.0000","984.8500","999.0000","982.1100"
"2017/05/24","980.3500","2455977.0000","976.0000","981.0000","970.2300"
"2017/05/23","971.5400","2412406.0000","975.0200","975.2000","966.8500"
"2017/05/22","970.6700","2631854.0000","964.0000","971.3800","962.9000"
"2017/05/19","959.8400","3967552.0000","962.8400","968.9200","959.7200"
"2017/05/18","958.4900","3898729.0000","944.8000","962.7500","944.7600"
"2017/05/17","944.7600","5129887.0000","954.7000","960.3957","944.1200"
"2017/05/16","966.0700","3114640.0000","961.0000","970.0600","960.9100"
"2017/05/15","957.9700","4261618.0000","958.7300","963.1500","956.0550"
"2017/05/12","961.3500","3622639.0000","954.5000","962.7900","951.5300"
"2017/05/11","947.6200","2190678.0000","945.1100","950.2900","940.7750"
"2017/05/10","948.9500","2093334.0000","953.5000","953.7499","945.0000"
"2017/05/09","952.8200","3256357.0000","952.8000","957.8900","950.2000"
"2017/05/08","949.0400","3406954.0000","940.9500","949.0500","939.2100"
"2017/05/05","934.1500","2863978.0000","940.5200","940.7900","930.3000"
"2017/05/04","937.5300","2413486.0000","944.7500","945.0000","934.2150"
"2017/05/03","941.0300","3578108.0000","946.0000","946.0000","935.9000"
"2017/05/02","946.9400","3814589.0000","946.6450","950.1000","941.4130"
"2017/05/01","948.2300","5459454.0000","927.8000","954.4000","927.8000"
"2017/04/28","924.9900","7354916.0000","948.8300","949.5900","924.3335"
"2017/04/27","918.3800","5195293.0000","914.3900","921.8600","912.1100"
"2017/04/26","909.2900","2603720.0000","910.3000","915.7490","907.5600"
"2017/04/25","907.6200","3375239.0000","907.0400","909.4800","903.0000"
"2017/04/24","907.4100","3118154.0000","908.6800","909.9900","903.8200"
"2017/04/21","898.5300","2408664.0000","902.6700","903.6500","896.7700"
"2017/04/20","902.0600","2808837.0000","899.7000","905.3200","896.2900"
"2017/04/19","899.2000","2865603.0000","907.8400","910.5000","897.3690"
"2017/04/18","903.7800","2996639.0000","900.9900","909.6100","900.7800"
"2017/04/17","901.9900","2849145.0000","887.5000","902.3800","887.5000"
"2017/04/13","884.6700","3169025.0000","891.4500","894.9700","884.4900"
"2017/04/12","896.2300","2451575.0000","903.0900","904.0900","895.2501"
"2017/04/11","902.3600","3008307.0000","907.0400","911.2400","897.5000"
"2017/04/10","907.0400","3180999.0000","899.6300","908.5100","899.0000"
"2017/04/07","894.8800","3708367.0000","899.6500","900.0900","889.3100"
"2017/04/06","898.2800","6338183.0000","913.8000","917.1899","894.4927"
"2017/04/05","909.2800","7497229.0000","910.8200","923.7200","905.6200"
"2017/04/04","906.8300","4976736.0000","891.5000","908.5384","890.2800"
"2017/04/03","891.5100","3418998.0000","888.0000","893.4900","885.4200"
"2017/03/31","886.5400","3949283.0000","877.0000","890.3500","876.6500"
"2017/03/30","876.3400","2758154.0000","874.9500","877.0600","871.6600"
"2017/03/29","874.3200","4479102.0000","859.0500","876.4380","859.0200"
"2017/03/28","856.0000","3037117.0000","851.7500","858.4600","850.1000"
"2017/03/27","846.8200","2754903.0000","838.0700","850.3000","833.5000"
"2017/03/24","845.6100","2135812.0000","851.6800","851.8000","843.5300"
"2017/03/23","847.3800","1947627.0000","848.2000","850.8900","844.8000"
"2017/03/22","848.0600","2652225.0000","840.4300","849.3700","839.0500"
"2017/03/21","843.2000","4376927.0000","858.8400","862.7950","841.3100"
"2017/03/20","856.9700","2261699.0000","851.5100","857.8000","851.0100"
"2017/03/17","852.3100","3383423.0000","853.4900","853.8300","850.6400"
"2017/03/16","853.4200","1841507.0000","855.3000","855.5000","850.5100"
"2017/03/15","852.9700","2559702.0000","854.3300","854.4500","847.1100"
"2017/03/14","852.5300","2129358.0000","853.5500","853.7500","847.5500"
"2017/03/13","854.5900","1906941.0000","851.7700","855.6900","851.7100"
"2017/03/10","852.4600","2434254.0000","857.0000","857.3500","851.7200"
"2017/03/09","853.0000","2043932.0000","851.0000","856.3999","850.3100"
"2017/03/08","850.5000","2286974.0000","848.0000","853.0700","846.7900"
"2017/03/07","846.0200","2246216.0000","845.4800","848.4600","843.7500"
"2017/03/06","846.6100","2609139.0000","845.2300","848.4900","841.1200"
"2017/03/03","849.8800","1948195.0000","847.2000","851.9850","846.2700"
"2017/03/02","848.9100","2130010.0000","853.0800","854.8200","847.2800"
"2017/03/01","853.0800","2758169.0000","853.0500","854.8300","849.0100"
"2017/02/28","845.0400","2787892.0000","851.4500","854.0900","842.0500"
"2017/02/27","848.6400","2703855.0000","842.3800","852.5000","839.6700"
"2017/02/24","845.2400","3684473.0000","844.6900","845.8100","837.7501"
"2017/02/23","852.1900","3459287.0000","857.5700","860.8600","848.0000"
"2017/02/22","855.6100","2615385.0000","856.9500","858.4300","852.1800"
"2017/02/21","856.4400","3506621.0000","848.8400","857.9800","847.2500"
"2017/02/17","845.0700","3036616.0000","842.0000","847.2700","840.7300"
"2017/02/16","844.1400","2710595.0000","841.8400","845.0000","839.3750"
"2017/02/15","842.7000","2960469.0000","834.0000","842.8100","832.8200"
"2017/02/14","836.3900","2789377.0000","837.0000","838.3100","831.4522"
"2017/02/13","836.5300","4167521.0000","831.6200","842.9999","828.5500"
"2017/02/10","827.4600","2427817.0000","823.8200","828.0000","822.8500"
"2017/02/09","821.3600","2482464.0000","821.6000","825.0000","819.7100"
"2017/02/08","819.7100","2856058.0000","812.6900","821.4790","812.5000"
"2017/02/07","812.5000","3463842.0000","809.3100","816.1600","807.5000"
"2017/02/06","807.6400","3827284.0000","809.8000","810.7200","803.0000"
"2017/02/03","810.2000","10855610.0000","806.7200","818.3000","804.0000"
"2017/02/02","839.9500","7043095.0000","836.5900","842.4900","828.2600"
"2017/02/01","832.3500","3831319.0000","829.2100","833.7800","824.9400"
"2017/01/31","823.4800","3129269.0000","823.7500","826.9900","819.5600"
"2017/01/30","830.3800","3681441.0000","833.0000","833.5000","816.3800"
"2017/01/27","835.7700","2994700.0000","839.0000","839.7000","829.4400"
"2017/01/26","839.1500","3571395.0000","835.5300","843.8400","833.0000"
"2017/01/25","836.5200","3931475.0000","825.7900","837.4183","825.2880"
"2017/01/24","822.4400","2967753.0000","822.0000","823.9900","814.5000"
"2017/01/23","817.8800","2794228.0000","806.8000","818.5000","805.0800"
"2017/01/20","808.3300","3373183.0000","815.2800","816.0200","806.2600"
"2017/01/19","809.0400","2529569.0000","810.0000","813.5100","807.3200"
"2017/01/18","807.4800","2344879.0000","809.5000","811.7300","804.2700"
"2017/01/17","809.7200","3668111.0000","815.7000","816.0000","803.4400"
"2017/01/13","817.1400","3777135.0000","814.3200","821.6500","811.4000"
"2017/01/12","813.6400","4865798.0000","800.3100","814.1300","799.5000"
"2017/01/11","799.0200","2986267.0000","793.6600","799.5000","789.5100"
"2017/01/10","795.9000","2557640.0000","796.6000","798.0000","789.5434"
"2017/01/09","796.9200","3442864.0000","798.0000","801.7742","791.7700"
"2017/01/06","795.9900","5981169.0000","782.3600","799.4400","778.4800"
"2017/01/05","780.4500","5820195.0000","761.5500","782.3999","760.2557"
"2017/01/04","757.1800","2505296.0000","758.3900","759.6800","754.2000"
"2017/01/03","753.6700","3519877.0000","757.9200","758.7595","747.7000"
"2016/12/30","749.8700","4132707.0000","766.4700","767.3999","748.2800"
"2016/12/29","765.1500","3154980.0000","772.4000","773.4000","760.8500"
"2016/12/28","772.1300","3282597.0000","776.2500","780.0000","770.5000"
"2016/12/27","771.4000","2630692.0000","763.4000","774.6500","761.2000"
"2016/12/23","760.5900","1978722.0000","764.5500","766.5000","757.9900"
"2016/12/22","766.3400","2521462.0000","768.1200","771.2100","763.0200"
"2016/12/21","770.6000","2041288.0000","770.0000","771.2200","765.7000"
"2016/12/20","771.2200","2701395.0000","768.6500","774.3900","767.7100"
"2016/12/19","766.0000","3107956.0000","758.8900","770.5000","756.1600"
"2016/12/16","757.7700","4846155.0000","765.0000","765.1300","754.0000"
"2016/12/15","761.0000","3795503.0000","766.2800","769.1000","760.3100"
"2016/12/14","768.8200","5446965.0000","778.2500","780.8600","762.8100"
"2016/12/13","774.3400","5253129.0000","764.9600","782.4600","762.0000"
"2016/12/12","760.1200","2958869.0000","766.4000","766.8900","757.2000"
"2016/12/09","768.6600","2464356.0000","770.0000","770.2500","765.3400"
"2016/12/08","767.3300","3187047.0000","771.8700","773.7900","765.1900"
"2016/12/07","770.4200","3679153.0000","764.5500","770.4200","755.8200"
"2016/12/06","764.7200","3792379.0000","763.9900","768.2400","757.2500"
"2016/12/05","759.3600","4304728.0000","745.0000","761.4900","742.0000"
"2016/12/02","740.3400","3556552.0000","743.4000","748.4903","736.7000"
"2016/12/01","743.6500","4650761.0000","752.4100","753.3700","738.0300"
"2016/11/30","750.5700","4607152.0000","762.0000","768.0900","750.2500"
"2016/11/29","762.5200","3267884.0000","768.0000","769.8900","761.3200"
"2016/11/28","766.7700","4383855.0000","776.9900","777.0000","764.2400"
"2016/11/25","780.3700","1837068.0000","786.5000","786.7500","777.9000"
"2016/11/23","780.1200","3533297.0000","781.7300","781.7500","773.1200"
"2016/11/22","785.3300","5306588.0000","788.1700","792.4000","781.0000"
"2016/11/21","780.0000","4600908.0000","766.0000","780.3500","765.1100"
"2016/11/18","760.1600","4365888.0000","761.0000","767.7400","757.6435"
"2016/11/17","756.4000","3662939.0000","749.3200","757.5000","748.0000"
"2016/11/16","746.4900","3604217.0000","739.8800","749.8700","735.6100"
"2016/11/15","743.2400","6749867.0000","730.0000","746.7800","725.9900"
"2016/11/14","719.0700","7300631.0000","745.5100","746.0000","710.1000"
"2016/11/11","739.0100","6610022.0000","735.7300","743.2600","728.9000"
"2016/11/10","742.3800","12733320.0000","778.8100","778.8300","717.7000"
"2016/11/09","771.8800","8555177.0000","764.0000","777.5000","760.0900"
"2016/11/08","787.7500","3382350.0000","784.9700","791.7399","779.1000"
"2016/11/07","784.9300","5977338.0000","771.6400","787.7320","770.9400"
"2016/11/04","755.0500","5115398.0000","762.7900","766.0000","753.2301"
"2016/11/03","767.0300","3867205.0000","765.0500","777.0000","764.0000"
"2016/11/02","765.5600","4981311.0000","783.9300","784.7500","763.5500"
"2016/11/01","785.4100","5300121.0000","799.0000","800.8400","776.7130"
"2016/10/31","789.8200","5408996.0000","781.0300","793.7000","780.1100"
"2016/10/28","776.3200","10832630.0000","782.0000","789.4900","774.6100"
"2016/10/27","818.3600","7156567.0000","831.2400","831.7200","815.4300"
"2016/10/26","822.5900","3985249.0000","832.7600","833.4400","820.0000"
"2016/10/25","835.1800","3239776.0000","839.3000","843.0900","833.2200"
"2016/10/24","838.0900","4052218.0000","824.9500","838.3000","822.2100"
"2016/10/21","818.9900","2790354.0000","809.3600","819.4200","809.0000"
"2016/10/20","810.3200","3148334.0000","813.9900","815.7100","803.1000"
"2016/10/19","817.6900","2086337.0000","820.4000","820.6700","815.1700"
"2016/10/18","817.6500","2507218.0000","822.1100","823.2600","815.0200"
"2016/10/17","812.9500","3355137.0000","821.5000","822.0000","811.6800"
"2016/10/14","822.9600","2994703.0000","835.0800","835.7400","822.9600"
"2016/10/13","829.2800","3088844.0000","829.0000","831.8000","821.2100"
"2016/10/12","834.0900","2373674.0000","834.0000","837.6660","830.1000"
"2016/10/11","831.0000","3584648.0000","841.0200","841.2900","828.3500"
"2016/10/10","841.7100","1819724.0000","843.2500","845.2000","840.2700"
"2016/10/07","839.4300","2423112.0000","845.7900","845.9500","837.4500"
"2016/10/06","841.6600","2681335.0000","843.7000","847.2100","840.6000"
"2016/10/05","844.3600","3456636.0000","838.0000","845.6700","836.1200"
"2016/10/04","834.0300","2948840.0000","840.9100","842.3650","830.2600"
"2016/10/03","836.7400","2764010.0000","836.0000","839.8600","831.2500"
"2016/09/30","837.3100","4425478.0000","832.6100","839.9500","832.4000"
"2016/09/29","829.0500","4918973.0000","828.2600","837.5000","824.6300"
"2016/09/28","828.7200","4418171.0000","818.0000","830.1400","817.0337"
"2016/09/27","816.1100","3812930.0000","801.8500","816.6400","801.1100"
"2016/09/26","799.1600","2649176.0000","801.8000","805.9300","797.1450"
"2016/09/23","805.7500","2350777.0000","803.1300","807.7500","802.1200"
"2016/09/22","804.7000","4073362.0000","794.2700","805.8890","794.2700"
"2016/09/21","789.7400","2712733.0000","783.2500","790.6900","779.0100"
"2016/09/20","780.2200","1932706.0000","776.0000","781.3700","776.0000"
"2016/09/19","775.1000","2293948.0000","779.9700","781.9400","771.0000"
"2016/09/16","778.5200","5495339.0000","773.2800","780.4600","771.6600"
"2016/09/15","769.6900","3036442.0000","762.0000","770.8700","757.5800"
"2016/09/14","761.0900","2529304.0000","762.2000","767.5000","758.8500"
"2016/09/13","761.0100","3115662.0000","768.7700","769.8900","759.0500"
"2016/09/12","771.4900","3118879.0000","757.3500","772.6600","756.0000"
"2016/09/09","760.1400","4246938.0000","779.3600","781.0000","760.1100"
"2016/09/08","784.0600","2027915.0000","783.8900","786.5000","781.4400"
"2016/09/07","784.4800","2422453.0000","789.5300","790.7900","784.3300"
"2016/09/06","788.8700","3716541.0000","774.0400","789.4800","770.2200"
"2016/09/02","772.4400","2168238.0000","774.1100","776.0000","771.7000"
"2016/09/01","770.6200","1790751.0000","770.9000","772.0400","766.7500"
"2016/08/31","769.1600","1630792.0000","766.6000","769.6400","764.0000"
"2016/08/30","767.5800","1788141.0000","771.0500","771.8358","765.5600"
"2016/08/29","771.2900","2196156.0000","768.7200","774.9800","768.6000"
"2016/08/26","769.0000","2769520.0000","760.0500","770.0000","759.7950"
"2016/08/25","759.2200","1622017.0000","756.0000","760.5600","754.7410"
"2016/08/24","757.2500","1742565.0000","763.0000","763.4100","755.3600"
"2016/08/23","762.4500","1521747.0000","763.3100","764.7000","761.0000"
"2016/08/22","759.4800","1677625.0000","757.5000","759.8500","752.1000"
"2016/08/19","757.3100","2337567.0000","761.9000","762.4900","756.8900"
"2016/08/18","764.4600","1458281.0000","764.0000","765.1700","760.6000"
"2016/08/17","764.6300","1887316.0000","764.4100","765.2200","759.1990"
"2016/08/16","764.0400","1601165.0000","768.6200","768.7317","763.8200"
"2016/08/15","768.4900","2116300.0000","771.9000","772.0400","767.7100"
"2016/08/12","772.5600","1562083.0000","768.4600","773.1500","768.4225"
"2016/08/11","771.2400","2017239.0000","769.9400","773.7500","769.1200"
"2016/08/10","768.5600","1601412.0000","769.8000","772.1000","766.1900"
"2016/08/09","768.3100","1874890.0000","767.3900","772.6000","766.9000"
"2016/08/08","766.5600","1981337.0000","766.8100","767.0000","761.0150"
"2016/08/05","765.9800","2702266.0000","764.8100","768.4700","763.0900"
"2016/08/04","760.7700","3176858.0000","753.7000","765.0000","750.3500"
"2016/08/03","754.6400","3579523.0000","757.0600","758.8900","752.2500"
"2016/08/02","760.5800","3596808.0000","763.8100","765.0100","757.0200"
"2016/08/01","767.7400","3572321.0000","759.8700","770.5000","757.0600"
"2016/07/29","758.8100","6763498.0000","765.0000","766.0000","755.0000"
"2016/07/28","752.6100","7246871.0000","745.9800","753.3600","739.7000"
"2016/07/27","736.6700","2871079.0000","737.9700","740.9400","733.8600"
"2016/07/26","735.5900","2497689.0000","742.7100","743.1300","732.7525"
"2016/07/25","739.6100","2673985.0000","746.5500","748.5000","735.3500"
"2016/07/22","744.8600","2259345.0000","747.7900","751.2800","743.5300"
"2016/07/21","744.4300","2315367.0000","747.5000","749.3600","742.7918"
"2016/07/20","745.7200","2192779.0000","744.0000","746.2500","740.7000"
"2016/07/19","739.9500","2210751.0000","732.5000","743.3300","732.3100"
"2016/07/18","736.0700","2952099.0000","735.4900","741.5954","728.7200"
"2016/07/15","735.4400","3099239.0000","746.5500","746.5500","734.0500"
"2016/07/14","741.2000","2385498.0000","748.8600","749.0400","739.0200"
"2016/07/13","742.6300","4130770.0000","746.7600","756.8700","741.2500"
"2016/07/12","748.2100","5608111.0000","756.8600","757.3400","740.3300"
"2016/07/11","753.7800","3190358.0000","750.0000","755.9000","747.0000"
"2016/07/08","745.8100","3427197.0000","740.1400","746.1000","738.0000"
"2016/07/07","736.5700","2939304.0000","739.3300","739.5500","731.6300"
"2016/07/06","737.6100","3929890.0000","725.7100","737.7700","722.5800"
"2016/07/05","728.1000","2426204.0000","722.8000","729.5600","719.6100"
"2016/07/01","725.6800","2918061.0000","717.3200","728.0000","716.5400"
"2016/06/30","715.6200","2843622.0000","717.2000","719.3700","712.5400"
"2016/06/29","715.6000","3065364.0000","715.7500","719.5000","713.5400"
"2016/06/28","707.9500","4032509.0000","700.0000","708.0000","698.1714"
"2016/06/27","691.3600","5571322.0000","692.0100","696.8189","682.1150"
"2016/06/24","698.9600","7613808.0000","693.0000","712.5292","692.2000"
"2016/06/23","722.0800","2808909.0000","715.5000","722.1200","712.5000"
"2016/06/22","710.6000","2255233.0000","716.5800","717.0000","707.5650"
"2016/06/21","715.8200","2111948.0000","715.7200","718.4000","712.7210"
"2016/06/20","714.0100","3673116.0000","713.5000","721.3100","710.8100"
"2016/06/17","706.3900","5863150.0000","718.1900","718.2000","699.1800"
"2016/06/16","717.5100","3094837.0000","712.0500","718.0000","705.3000"
"2016/06/15","714.2600","2705287.0000","722.0000","722.5600","713.3522"
"2016/06/14","719.3000","2499062.0000","712.3300","720.8050","712.2700"
"2016/06/13","715.2400","3349654.0000","714.0100","721.9900","711.1600"
"2016/06/10","717.9100","3420884.0000","722.3500","724.9800","714.2100"
"2016/06/09","727.6500","2169259.0000","723.1000","728.9100","722.3000"
"2016/06/08","726.6400","2221777.0000","726.4000","729.4200","721.6000"
"2016/06/07","723.7400","2730693.0000","729.8900","730.0000","720.5500"
"2016/06/06","726.7300","2695531.0000","726.5000","731.5000","724.4200"
"2016/06/03","725.5400","3362610.0000","726.7400","727.0000","718.4300"
"2016/06/02","728.2400","3022321.0000","720.9700","728.2800","715.5001"
"2016/06/01","719.4400","3260486.0000","720.9000","726.4300","718.2200"
"2016/05/31","722.7900","3612510.0000","712.3300","724.2300","711.3200"
"2016/05/27","712.2400","2247612.0000","715.0000","716.6000","711.1000"
"2016/05/26","714.9100","2441497.0000","708.3300","715.0000","707.2930"
"2016/05/25","708.3500","3269475.0000","708.0000","710.8600","705.5159"
"2016/05/24","704.2000","3026450.0000","698.0100","707.5000","698.0000"
"2016/05/23","696.7500","2586909.0000","704.2500","706.0000","696.4200"
"2016/05/20","702.8000","2875429.0000","701.0500","707.2400","700.0000"
"2016/05/19","698.5200","3022212.0000","691.8800","699.4000","689.5600"
"2016/05/18","697.4500","4277735.0000","689.5600","702.5399","688.7600"
"2016/05/17","695.2700","5102768.0000","709.9000","714.4700","693.9100"
"2016/05/16","710.6600","5431729.0000","710.1300","713.2500","700.2800"
"2016/05/13","709.9200","4750859.0000","714.6400","719.2500","706.5100"
"2016/05/12","717.9300","5038030.0000","717.3800","722.4500","711.5100"
"2016/05/11","713.2300","7327956.0000","705.7900","719.0000","701.6500"
"2016/05/10","703.0700","6093507.0000","694.0000","704.5500","693.5000"
"2016/05/09","679.7500","3974324.0000","673.9500","686.9800","671.4100"
"2016/05/06","673.9500","4362455.0000","656.0500","676.9500","656.0100"
"2016/05/05","659.0900","4877179.0000","673.3100","676.4900","656.0000"
"2016/05/04","670.9000","4631988.0000","662.5900","674.0000","662.1400"
"2016/05/03","671.3200","4917284.0000","677.3600","680.3000","670.4300"
"2016/05/02","683.8500","6567445.0000","663.9200","685.5000","662.0251"
"2016/04/29","659.5900","10303510.0000","666.0000","669.9800","654.0000"
"2016/04/28","602.0000","7631449.0000","615.5400","626.8000","599.2000"
"2016/04/27","606.5700","4058455.0000","611.8000","615.9500","601.2800"
"2016/04/26","616.8800","2507082.0000","626.1700","626.7549","614.8800"
"2016/04/25","626.2000","2680835.0000","616.6100","626.9800","616.2511"
